{
  "fields": [
    {
      "name": "member_type",
      "data_type": "Int32",
      "nullable": true,
      "dict_id": 0,
      "dict_is_ordered": false,
      "metadata": {}
    },
    {
      "name": "member_code",
      "data_type": "Utf8",
      "nullable": true,
      "dict_id": 0,
      "dict_is_ordered": false,
      "metadata": {}
    },
    {
      "name": "cif",
      "data_type": "Utf8",
      "nullable": true,
      "dict_id": 0,
      "dict_is_ordered": false,
      "metadata": {}
    },
    {
      "name": "account_number",
      "data_type": "Utf8",
      "nullable": true,
      "dict_id": 0,
      "dict_is_ordered": false,
      "metadata": {}
    },
    {
      "name": "collateral_type",
      "data_type": "Utf8",
      "nullable": true,
      "dict_id": 0,
      "dict_is_ordered": false,
      "metadata": {}
    },
    {
      "name": "reported_value",
      "data_type": "Int64",
      "nullable": true,
      "dict_id": 0,
      "dict_is_ordered": false,
      "metadata": {}
    }
  ],
  "metadata": {}
}
