{
  "fields": [
    {
      "name": "member_type",
      "data_type": "Int32",
      "nullable": true,
      "dict_id": 0,
      "dict_is_ordered": false,
      "metadata": {}
    },
    {
      "name": "member_code",
      "data_type": "Utf8",
      "nullable": true,
      "dict_id": 0,
      "dict_is_ordered": false,
      "metadata": {}
    },
    {
      "name": "cif",
      "data_type": "Utf8",
      "nullable": true,
      "dict_id": 0,
      "dict_is_ordered": false,
      "metadata": {}
    },
    {
      "name": "usage_type",
      "data_type": "Int32",
      "nullable": true,
      "dict_id": 0,
      "dict_is_ordered": false,
      "metadata": {}
    },
    {
      "name": "cycle_date",
      "data_type": "Int32",
      "nullable": true,
      "dict_id": 0,
      "dict_is_ordered": false,
      "metadata": {}
    },
    {
      "name": "account_number",
      "data_type": "Utf8",
      "nullable": true,
      "dict_id": 0,
      "dict_is_ordered": false,
      "metadata": {}
    },
    {
      "name": "condition",
      "data_type": "Int32",
      "nullable": true,
      "dict_id": 0,
      "dict_is_ordered": false,
      "metadata": {}
    },
    {
      "name": "bid",
      "data_type": "Utf8",
      "nullable": true,
      "dict_id": 0,
      "dict_is_ordered": false,
      "metadata": {}
    },
    {
      "name": "init_credit_date",
      "data_type": "Date32",
      "nullable": true,
      "dict_id": 0,
      "dict_is_ordered": false,
      "metadata": {}
    },
    {
      "name": "maturity_date",
      "data_type": "Date32",
      "nullable": true,
      "dict_id": 0,
      "dict_is_ordered": false,
      "metadata": {}
    },
    {
      "name": "latest_restructure_date",
      "data_type": "Date32",
      "nullable": true,
      "dict_id": 0,
      "dict_is_ordered": false,
      "metadata": {}
    },
    {
      "name": "condition_date",
      "data_type": "Date32",
      "nullable": true,
      "dict_id": 0,
      "dict_is_ordered": false,
      "metadata": {}
    },
    {
      "name": "interest_rate",
      "data_type": "Float32",
      "nullable": true,
      "dict_id": 0,
      "dict_is_ordered": false,
      "metadata": {}
    },
    {
      "name": "init_limit",
      "data_type": "Float64",
      "nullable": true,
      "dict_id": 0,
      "dict_is_ordered": false,
      "metadata": {}
    },
    {
      "name": "out_balance",
      "data_type": "Float64",
      "nullable": true,
      "dict_id": 0,
      "dict_is_ordered": false,
      "metadata": {}
    },
    {
      "name": "defaultcode",
      "data_type": "Int32",
      "nullable": true,
      "dict_id": 0,
      "dict_is_ordered": false,
      "metadata": {}
    },
    {
      "name": "dpd",
      "data_type": "Float32",
      "nullable": true,
      "dict_id": 0,
      "dict_is_ordered": false,
      "metadata": {}
    },
    {
      "name": "collectability",
      "data_type": "Int32",
      "nullable": true,
      "dict_id": 0,
      "dict_is_ordered": false,
      "metadata": {}
    },
    {
      "name": "principal_arrears",
      "data_type": "Float64",
      "nullable": true,
      "dict_id": 0,
      "dict_is_ordered": false,
      "metadata": {}
    },
    {
      "name": "freq_arrears",
      "data_type": "Float32",
      "nullable": true,
      "dict_id": 0,
      "dict_is_ordered": false,
      "metadata": {}
    },
    {
      "name": "credit_type",
      "data_type": "Utf8",
      "nullable": true,
      "dict_id": 0,
      "dict_is_ordered": false,
      "metadata": {}
    },
    {
      "name": "economic_sector",
      "data_type": "Utf8",
      "nullable": true,
      "dict_id": 0,
      "dict_is_ordered": false,
      "metadata": {}
    },
    {
      "name": "debtor_category",
      "data_type": "Utf8",
      "nullable": true,
      "dict_id": 0,
      "dict_is_ordered": false,
      "metadata": {}
    }
  ],
  "metadata": {}
}
