{
    "fields": [
      {
        "name": "bid1",
        "data_type": "Utf8",
        "nullable": true,
        "dict_id": 0,
        "dict_is_ordered": false,
        "metadata": {}
      },
      {
        "name": "member_type",
        "data_type": "Int32",
        "nullable": true,
        "dict_id": 0,
        "dict_is_ordered": false,
        "metadata": {}
      },
      {
        "name": "member_code",
        "data_type": "Utf8",
        "nullable": true,
        "dict_id": 0,
        "dict_is_ordered": false,
        "metadata": {}
      },
      {
        "name": "cif",
        "data_type": "Utf8",
        "nullable": true,
        "dict_id": 0,
        "dict_is_ordered": false,
        "metadata": {}
      },
      {
        "name": "id_type",
        "data_type": "Int8",
        "nullable": true,
        "dict_id": 0,
        "dict_is_ordered": false,
        "metadata": {}
      },
      {
        "name": "id_number",
        "data_type": "Utf8",
        "nullable": true,
        "dict_id": 0,
        "dict_is_ordered": false,
        "metadata": {}
      },
      {
        "name": "cellular",
        "data_type": "Utf8",
        "nullable": true,
        "dict_id": 0,
        "dict_is_ordered": false,
        "metadata": {}
      },
      {
        "name": "update_date",
        "data_type": "Utf8",
        "nullable": true,
        "dict_id": 0,
        "dict_is_ordered": false,
        "metadata": {}
      },
      {
        "name": "create_date",
        "data_type": "Utf8",
        "nullable": true,
        "dict_id": 0,
        "dict_is_ordered": false,
        "metadata": {}
      },
      {
        "name": "dob",
        "data_type": "Utf8",
        "nullable": true,
        "dict_id": 0,
        "dict_is_ordered": false,
        "metadata": {}
      },
      {
        "name": "city",
        "data_type": "Utf8",
        "nullable": true,
        "dict_id": 0,
        "dict_is_ordered": false,
        "metadata": {}
      },
      {
        "name": "gender",
        "data_type": "Int8",
        "nullable": true,
        "dict_id": 0,
        "dict_is_ordered": false,
        "metadata": {}
      },
      {
        "name": "marital_status",
        "data_type": "Int8",
        "nullable": true,
        "dict_id": 0,
        "dict_is_ordered": false,
        "metadata": {}
      },
      {
        "name": "education",
        "data_type": "Int8",
        "nullable": true,
        "dict_id": 0,
        "dict_is_ordered": false,
        "metadata": {}
      },
      {
        "name": "employment",
        "data_type": "Int8",
        "nullable": true,
        "dict_id": 0,
        "dict_is_ordered": false,
        "metadata": {}
      },
      {
        "name": "cycle_date",
        "data_type": "Int32",
        "nullable": true,
        "dict_id": 0,
        "dict_is_ordered": false,
        "metadata": {}
      }
    ],
    "metadata": {}
  }
  