{
    "top_features": {
        "v1": {
            "generic": [
                "genall_mths_since_latest_collect1p",
                "genlat_avg_mob",
                "genlat_ratio_fac_arr",
                "genlat_ratio_fac_commbank",
                "genall_ratio_decr_outbal"
            ],
            "cc": [
                "genlat_avg_mob",
                "genlat_max_interest_rate",
                "ccall_avg_util_ratio_3mo",
                "clu30all_ratio_loan_cond2",
                "genlat_sum_out"
            ],
            "consumer_loan": [
                "genlat_ratio_fac_arr",
                "clu30all_cnt_uniq_paid_cl",
                "clu30all_ratio_loan_cond2",
                "clu30lat_min_interest_rate",
                "genall_mths_since_latest_collect1p"
            ],
            "cash_loan": [
                "genlat_min_ilimit",
                "clu30lat_min_interest_rate",
                "genall_ratio_decr_outbal",
                "age",
                "genall_avg_diff_outbal"
            ],
            "vhc2": [
                "vhcall_avg_util_ratio_6mo",
                "genall_ratio_decr_outbal",
                "age",
                "genall_avg_diff_outbal",
                "genall_min_diff_outbal"
            ],
            "vhc4": [
                "vhcall_avg_util_ratio_6mo",
                "genall_ratio_decr_outbal",
                "genall_max_diff_outbal",
                "vhclat_max_interest_rate",
                "age"
            ]
        },
        "v2": {
            "generic": [
                "gen_latest_nunique_dpdacc",
                "gen_qt95_arrear_rate_tw12",
                "gen_ratio_dpdcyc_tw24",
                "consumer_loan_n_cyc_tw24",
                "digital_t2_min_interest_rate_tw24"
            ],
            "cc": [
                "cc_qt95_utilization_rate_tw3",
                "earliest_cif_from_now",
                "other_product_max_interest_rate_tw24",
                "latest_cif_from_now",
                "digital_t2_balance_diff_min_tw12"
            ],
            "consumer_loan": [
                "gen_mean_arrear_rate_tw24",
                "gen_mean_arrear_rate_tw12",
                "gen_qt95_arrear_rate_tw24",
                "traditional_t1_latest_max_tenor",
                "gen_latest_ratio_dpdacc"
            ],
            "cash_loan": [
                "snap_fgrisk_mean_tw24",
                "earliest_cif_from_now",
                "snap_fgrisk_mean_tw_all",
                "traditional_t2_min_interest_rate_tw12",
                "digital_t1_min_interest_rate_tw3"
            ],
            "cash_loan_v21": [
                "gen_latest_ratio_dpdacc",
                "gen_qt95_arrear_rate_tw24",
                "gen_latest_ratio_hardacc",
                "consumer_loan_arrear_diff_max_tw3",
                "consumer_loan_limit_increased_ratio_tw24"
            ],
            "vhc2": [
                "gen_latest_ratio_dpdacc",
                "gen_qt95_arrear_rate_tw24",
                "gen_qt75_arrear_rate_tw24",
                "vehicle_mean_arrear_times_tw24",
                "vehicle_latest_max_maturity_rate"
            ],
            "vhc4": [
                "gen_latest_ratio_dpdacc",
                "gen_qt95_arrear_rate_tw24",
                "gen_latest_mean_mob",
                "gen_mean_arrear_rate_tw3",
                "vehicle_mean_arrear_times_tw24"
            ],
            "vhc_ref": [
                "gen_qt95_arrear_rate_tw24",
                "gen_mean_arrear_rate_tw24",
                "gen_n_cyc_tw24",
                "gen_qt95_arrear_rate_tw12",
                "vehicle_balance_decreased_ratio_tw24"
            ],
            "msme": [
                "gen_nunique_dpdcyc_tw12",
                "gen_latest_ratio_tbt1acc",
                "latest_cif_from_now",
                "gen_ratio_dpdcyc_tw24",
                "gen_ratio_dpdcyc_tw12"
            ],
            "mortgage": [
                "gen_latest_nunique_dpdacc",
                "gen_qt95_arrear_rate_tw24",
                "gen_std_arrear_tw12",
                "gen_mean_arrear_rate_tw24",
                "gen_latest_median_utilization_rate"
            ]
        }
    },

    "model_dict": {
        "v1": {
            "generic": "resources/models/v1/genv4_lgbm.pkl",
            "cc": "resources/models/v1/cc_lgbm_v23.pkl",
            "consumer_loan": "resources/models/v1/consloan_lgbm_v23.pkl",
            "cash_loan": "resources/models/v1/cashloan_lgbm_v23.pkl",
            "vhc2": "resources/models/v1/vhc2_lgbm_v23.pkl",
            "vhc4": "resources/models/v1/vhc4_lgbm_v23.pkl"
        },
        "v2": {
            "generic": "resources/models/model_500_generic.pkl",
            "cc": "resources/models/model_500_cc.pkl",
            "consumer_loan": "resources/models/model_500_consumer_loan.pkl",
            "cash_loan": "resources/models/model_500_cash_loan.pkl",
            "cash_loan_v21": "resources/models/model_500_cash_loan_v21.pkl",
            "vhc2": "resources/models/model_500_vhc2.pkl",
            "vhc4": "resources/models/model_500_vhc4.pkl",
            "vhc_ref": "resources/models/model_500_vhc_ref.pkl",
            "msme": "resources/models/model_500_msme.pkl",
            "mortgage": "resources/models/model_500_mortgage.pkl"
        }
    },

    "pd_ranges": {
        "v1":{
            "generic": {
                "upper_bound": [570, 619, 663,717, 800],
                "bad_rate": [14.8, 5.4, 2.7, 1.3, 0.4]
            },
            "cc": {
                "upper_bound": [577,623,660, 702,800],
                "bad_rate": [5.1, 1.4, 0.7, 0.4, 0.2]
            },
            "consumer_loan": {
                "upper_bound": [564,615,658,709,800],
                "bad_rate": [29, 11.2, 5.8, 2.8, 1.1]
            },
            "cash_loan": {
                "upper_bound": [570,595,615,638,800],
                "bad_rate": [41.9, 28.7, 22.8, 18.4, 9.9]
            },
            "vhc2": {
                "upper_bound": [551,598,633,670,800],
                "bad_rate": [20.9, 6.4, 3.6, 2.2, 1.1]
            },
            "vhc4": {
                "upper_bound": [593,638,680,734,800],
                "bad_rate": [15, 4.5, 2.4, 1.1, 0.3]
            }
        },
        "v2":{
            "generic": {
                "upper_bound": [560, 611, 667, 728, 850],
                "bad_rate": [18.78, 7.92, 4.02, 1.92, 0.66]
            },
            "cc": {
                "upper_bound": [612, 664, 710, 759, 850],
                "bad_rate": [9.52, 2.69, 1.12, 0.53, 0.31]
            },
            "consumer_loan": {
                "upper_bound": [577, 629, 676, 728, 850],
                "bad_rate": [12.64, 4.62, 2.24, 1.02, 0.36]
            },
            "cash_loan": {
                "upper_bound": [481, 513, 535, 566, 850],
                "bad_rate": [29.61, 16.79, 12.56, 8.57, 3.67]
            },
            "cash_loan_v21": {
                "upper_bound": [437, 462, 489, 522, 850],
                "bad_rate": [42.33, 30.58, 22.51, 15.56, 6.61]
            },
            "vhc2": {
                "upper_bound": [507, 562, 606, 651, 850],
                "bad_rate": [31.85, 11.06, 5.72, 3.14, 1.38]
            },
            "vhc4": {
                "upper_bound": [551, 609, 665, 740, 850],
                "bad_rate": [23.58, 6.24, 2.79, 1.09, 0.24]
            },
            "vhc_ref": {
                "upper_bound": [478, 534, 580, 626, 850],
                "bad_rate": [38.21, 15.54, 8.25, 4.42, 1.94]
            },
            "msme": {
                "upper_bound": [549, 597, 641, 691, 850],
                "bad_rate": [22.21, 9.08, 5.09, 2.84, 1.12]
            },
            "mortgage": {
                "upper_bound": [596, 630, 653, 678, 850],
                "bad_rate": [2.257, 0.545, 0.307, 0.176, 0.105]
            }
        }
    },

    "id_category_dict": {
        "v1": {
            "generic": 1,
            "cc": 2,
            "consumer_loan": 3,
            "cash_loan": 4,
            "vhc2": 5,
            "vhc4": 6
        },
        "v2": {
            "generic": 1,
            "cc": 2,
            "consumer_loan": 3,
            "cash_loan": 4,
            "cash_loan_v21": 401,
            "vhc2": 5,
            "vhc4": 6,
            "vhc_ref": 7,
            "msme": 8,
            "mortgage": 9
        }
    },

    "scorer": {
        "v1": {
            "generic":{
                "min_score": 350,
                "max_score": 800,
                "pdo": 50,
                "base_odds": 19.74,
                "base": 600
            },
            "cc":{
                "min_score": 350,
                "max_score": 800,
                "pdo": 50,
                "base_odds": 61,
                "base": 600
            },
            "consumer_loan":{
                "min_score": 350,
                "max_score": 800,
                "pdo": 50,
                "base_odds": 8.84,
                "base": 600
            },
            "cash_loan":{
                "min_score": 350,
                "max_score": 800,
                "pdo": 50,
                "base_odds": 3.45,
                "base": 600
            },
            "vhc2":{
                "min_score": 350,
                "max_score": 800,
                "pdo": 50,
                "base_odds": 20,
                "base": 600
            },
            "vhc4":{
                "min_score": 350,
                "max_score": 800,
                "pdo": 50,
                "base_odds": 20,
                "base": 600
            }
        },
        "v2": {
            "generic":{
                "min_score": 300,
                "max_score": 850,
                "pdo": 50,
                "base_odds": 20,
                "base": 600
            },
            "cc":{
                "min_score": 300,
                "max_score": 850,
                "pdo": 50,
                "base_odds": 20,
                "base": 600
            },
            "consumer_loan":{
                "min_score": 300,
                "max_score": 850,
                "pdo": 50,
                "base_odds": 20,
                "base": 600
            },
            "cash_loan":{
                "min_score": 300,
                "max_score": 850,
                "pdo": 50,
                "base_odds": 20,
                "base": 600
            },
            "cash_loan_v21":{
                "min_score": 300,
                "max_score": 850,
                "pdo": 50,
                "base_odds": 20,
                "base": 600
            },
            "vhc2":{
                "min_score": 300,
                "max_score": 850,
                "pdo": 50,
                "base_odds": 20,
                "base": 600
            },
            "vhc4":{
                "min_score": 300,
                "max_score": 850,
                "pdo": 50,
                "base_odds": 20,
                "base": 600
            },
            "vhc_ref":{
                "min_score": 300,
                "max_score": 850,
                "pdo": 50,
                "base_odds": 20,
                "base": 600
            },
            "msme":{
                "min_score": 300,
                "max_score": 850,
                "pdo": 50,
                "base_odds": 20,
                "base": 600
            },
            "mortgage":{
                "min_score": 300,
                "max_score": 850,
                "pdo": 50,
                "base_odds": 145.74550898203591,
                "base": 600
            }
        }
    },

    "categorical_features": {
        "v1": {
            "generic": ["gender", "province", "education", "employment", "marital_status"],
            "cc": ["gender", "province", "education", "employment", "marital_status"],
            "consumer_loan": ["gender", "province", "education", "employment", "marital_status"],
            "cash_loan": ["gender", "province", "education", "employment", "marital_status"],
            "vhc2": ["gender", "province", "education", "employment", "marital_status"],
            "vhc4": ["gender", "province", "education", "employment", "marital_status"],
            "vhc_ref": ["gender", "province", "education", "employment", "marital_status"],
            "msme": ["gender", "province", "education", "employment", "marital_status"],
            "mortgage": ["gender", "province", "education", "employment", "marital_status"]
        },
        "v2": {
            "generic": ["gender", "province", "education", "employment", "marital_status"],
            "cc": ["gender", "province", "education", "employment", "marital_status"],
            "consumer_loan": ["gender", "province", "education", "employment", "marital_status"],
            "cash_loan": ["gender", "province", "education", "employment", "marital_status"],
            "cash_loan_v21": ["gender", "province", "education", "employment", "marital_status", "city"],
            "vhc2": ["gender", "province", "education", "employment", "marital_status"],
            "vhc4": ["gender", "province", "education", "employment", "marital_status"],
            "vhc_ref": ["gender", "province", "education", "employment", "marital_status"],
            "msme": ["gender", "province", "education", "employment", "marital_status"],
            "mortgage": ["gender", "province", "education", "employment", "marital_status"]
        }
    }
}
